"symbol","date","open","high","low","close","volume","adjusted","gap_type","gap_size","range","dailyReturns","adjustedDailyReturns","relativeVolume","weekday","month"
"OGN","2021-06-04","36.150002","36.169998","33.709999","34.150002","7502300","33.039284","NONE","0","0.072975350726056","-0.0553250315172873","0.0609931365339374","0","5","NA"
"OGN","2021-06-07","33.599998","33.880001","30.85","31.42","11513100","30.398075","NONE","0","0.0982172123176661","-0.0648808967191009","0.0642141676067548","0.53460938645482","1","NA"
"OGN","2021-06-08","30.33","30.91","28.530001","28.91","18500300","27.969713","NONE","0","0.0834209224177735","-0.0468183316848005","0.0452711926047003","0.606891280367581","2","NA"
"OGN","2021-06-09","28.299999","29.440001","27.25","28.450001","14563600","27.524675","NONE","0","0.0803670091743119","0.00530042421556272","-0.00847558604136726","-0.212791143927396","3","NA"
"OGN","2021-06-10","28.459999","31.16","28.4","30.33","11205900","29.343527","NONE","0","0.0971830985915494","0.0657062918378879","-0.0631947709296308","-0.230554258562443","4","NA"
"OGN","2021-06-11","30.379999","30.379999","29.4","29.65","5728900","28.685646","NONE","0","0.033333299319728","-0.0240289342998334","0.0250989663780965","-0.488760385154249","5","NA"
"OGN","2021-06-14","30.08","30.629999","29.27","30.280001","6972000","29.295156","NONE","0","0.046463922104544","0.00664896941489363","-0.00503895439597814","0.216987554329802","1","NA"
"OGN","2021-06-15","30.030001","32.09","29.799999","31.809999","6339100","30.775391","NONE","0","0.0768456737196536","0.0592739907001669","-0.0613161457261729","-0.0907773952954676","2","NA"
"OGN","2021-06-16","31.52","31.65","30.27","30.700001","5288100","29.701496","NONE","0","0.0455896927651139","-0.0260151967005076","0.0200912872123607","-0.165796406429935","3","NA"
"OGN","2021-06-17","30.49","31.73","30.1","31.459999","5086400","30.436773","NONE","0","0.0541528239202657","0.0318136766152837","-0.031460687195233","-0.0381422439061289","4","NA"
"OGN","2021-06-18","31.5","31.709999","29.959999","29.98","10213800","29.00491","NONE","0","0.0584112169029111","-0.0482539682539682","0.0391382494863088","1.00806071091538","5","NA"
"OGN","2021-06-21","30.200001","30.67","29.360001","29.41","3542700","28.453451","NONE","0","0.0446184930307053","-0.0261589726437426","0.0384727068189346","-0.653145743993421","1","NA"
"OGN","2021-06-22","29.25","29.870001","28.844999","29.530001","4218300","28.569548","NONE","0","0.0355348252915522","0.00957268376068371","-0.00440532423923008","0.190702006943856","2","NA"
"OGN","2021-06-23","29.530001","30.08","29.1","29.5","3880900","28.540524","NONE","0","0.0336769759450171","-0.00101594984707243","-0.000732627194402533","-0.0799848280112842","3","NA"
"OGN","2021-06-24","29.389999","30.07","29.299999","29.77","2769600","28.801743","NONE","0","0.0262798985078464","0.012929602345342","-0.0106932655801811","-0.286351104125332","4","NA"
"OGN","2021-06-25","29.77","30.870001","29.209999","30.190001","13582700","29.208082","NONE","0","0.0568299232054064","0.0141081961706416","-0.0126460198169877","3.90420999422299","5","NA"
"OGN","2021-06-28","29.690001","31.030001","29.41","30.940001","3106200","29.933687","NONE","0","0.05508333900034","0.0421017163320405","-0.0407691388785195","-0.771312036634837","1","NA"
"OGN","2021-06-29","30.98","31.32","30.459999","30.549999","2256700","29.556372","NONE","0","0.0282337829361058","-0.0138799548095546","0.0135514928864691","-0.273485287489537","2","NA"
"OGN","2021-06-30","30.33","30.83","30.25","30.26","2011100","29.275805","NONE","0","0.0191735537190082","-0.00230794592812386","0.00390446350855074","-0.108831479594098","3","NA"
"OGN","2021-07-01","30.110001","31.24","30.059999","30.82","2437100","29.817591","NONE","0","0.0392548582586446","0.0235801719169654","-0.0191134974013987","0.211824374720302","4","NA"
"OGN","2021-07-02","30.709999","31.120001","30.299999","30.860001","1813100","29.856291","NONE","0","0.0270627731703885","0.00488446775918165","0.00106471760969461","-0.256042017151533","5","NA"
"OGN","2021-07-06","30.6","31.1","29.9","31","2853500","29.991735","NONE","0","0.0401337792642141","0.0130718954248366","-0.016037588238649","0.573823837626165","2","NA"
"OGN","2021-07-07","31","31.040001","29.870001","30.120001","2936200","29.140358","NONE","0","0.039169734209249","-0.0283870645161291","0.0300234931575075","0.0289819519887857","3","NA"
"OGN","2021-07-08","29.65","30.18","29.26","29.65","1931400","28.685646","NONE","0","0.0314422419685577","0","-5.78560426428323e-05","-0.342211021047613","4","NA"
"OGN","2021-07-09","29.950001","30.280001","29.59","30.1","2345700","29.12101","NONE","0","0.0233187225413991","0.00500831368920492","0.00427013335992875","0.214507611059335","5","NA"
"OGN","2021-07-12","29.77","30.379999","29.57","29.74","1855700","28.772717","NONE","0","0.0273925938451133","-0.00100772589855563","0.00380246073907174","-0.208892867800657","1","NA"
"OGN","2021-07-13","29.5","29.885","28.959999","29.1","2047900","28.153534","NONE","0","0.0319406433681162","-0.0135593220338983","0.0108522519627866","0.103572775771946","2","NA"
"OGN","2021-07-14","28.98","29.4","28.84","29.34","2004600","28.385727","NONE","0","0.0194174757281553","0.0124223602484472","-0.0137488242371885","-0.0211436105278578","3","NA"
"OGN","2021-07-15","28.85","29.49","28.690001","28.91","2112300","27.969713","NONE","0","0.027884244409751","0.00207972270363947","-0.00413744616538735","0.0537264292128105","4","NA"
"OGN","2021-07-16","28.77","29","28.42","28.870001","1757700","27.931017","NONE","0","0.0204081632653061","0.00347587765033017","-0.0126964074303579","-0.167873881550916","5","NA"
"OGN","2021-07-19","28.629999","29.17","28.540001","29.139999","2261600","28.19223","NONE","0","0.0220742458978891","0.017813482983356","-0.026637072235919","0.286681458724469","1","NA"
"OGN","2021-07-20","29.17","29.780001","29.059999","29.610001","1922600","28.646948","NONE","0","0.0247763945208669","0.0150840246828933","-0.00149698991440564","-0.149893880438628","2","NA"
"OGN","2021-07-21","29.66","30.5","29.530001","30.459999","2068400","29.469301","NONE","0","0.0328479162598065","0.026972319622387","-0.0206090705985757","0.075834807032144","3","NA"
"OGN","2021-07-22","30.43","31.059999","30.25","30.92","2221100","29.914339","NONE","0","0.026776826446281","0.016102530397634","-0.0146786424082358","0.0738251788822278","4","NA"
"OGN","2021-07-23","30.889999","30.92","29.712","29.799999","1618100","28.830767","NONE","0","0.0406569736133549","-0.0352865016279217","0.0422685710697405","-0.271487100985998","5","NA"
"OGN","2021-07-26","29.709999","30.209999","29.18","29.66","1526900","28.695318","NONE","0","0.0352981151473612","-0.001682901436651","0.00456746794298573","-0.0563624003460849","1","NA"
"OGN","2021-07-27","29.360001","29.639999","28.825001","29.120001","2005300","28.172884","NONE","0","0.02827399728451","-0.00817438664256183","0.00479607173413844","0.31331455891021","2","NA"
"OGN","2021-07-28","29.129999","29.870001","29","29.74","1854600","28.772717","NONE","0","0.0300000344827586","0.0209406461016355","-0.0214653074985833","-0.0751508502468459","3","NA"
"OGN","2021-07-29","29.59","29.860001","29.209999","29.23","1777000","28.279305","NONE","0","0.0222527224324794","-0.0121662723893207","0.0156997663229578","-0.0418419066105899","4","NA"
"OGN","2021-07-30","29.059999","29.4","28.91","29.01","1504200","28.06646","NONE","0","0.0169491525423728","-0.00172054376189069","0.00175231741000092","-0.153517163759145","5","NA"
"OGN","2021-08-02","29.08","29.635","29.040001","29.530001","1761600","28.569548","NONE","0","0.0204889455754496","0.0154745873452545","-0.0199448241152953","0.171120861587555","1","NA"
"OGN","2021-08-03","29.280001","29.58","29.01","29.51","1386700","28.5502","NONE","0","0.0196483971044466","0.00785515683554802","-0.000932446549920823","-0.212817892824705","2","NA"
"OGN","2021-08-04","29.32","29.32","28.610001","28.629999","1851700","27.69882","NONE","0","0.0248164619078482","-0.0235334583901773","0.0205239047464229","0.335328477680825","3","NA"
"OGN","2021-08-05","28.639999","29.58","28.5","29.559999","2190600","28.598572","NONE","0","0.0378947368421052","0.0321229061495429","-0.0275320968181191","0.183021007722633","4","NA"
"OGN","2021-08-06","29.49","29.780001","29.17","29.5","1298600","28.540524","NONE","0","0.0209119300651353","0.000339097999321857","0.00134301501674058","-0.407194375970054","5","NA"
"OGN","2021-08-09","29.780001","30","28.92","29.1","1982600","28.153534","NONE","0","0.0373443983402489","-0.0228341496697733","0.0216128331131302","0.526721084244571","1","NA"
"OGN","2021-08-10","29.08","30.485001","28.92","30.35","2980200","29.362879","NONE","0","0.0541148340248962","0.0436726272352133","-0.0434562146026136","0.503177645515989","2","NA"
"OGN","2021-08-11","30.35","30.4","29.719999","29.93","1868800","28.956539","NONE","0","0.022880249760439","-0.013838550247117","0.0138903221228376","-0.372927991409972","3","NA"
"OGN","2021-08-12","31.059999","34","31","33.5","7826700","32.410427","UP","0.0197368421052632","0.0967741935483871","0.0785576651177612","-0.0752401360266894","3.1880886130137","4","NA"
"OGN","2021-08-13","33.5","34.490002","32.860001","34.209999","3441500","33.097328","NONE","0","0.0496044111502005","0.0211940000000001","-0.0204862129101123","-0.560287221945392","5","NA"
"OGN","2021-08-16","34.240002","34.790001","33.91","34.330002","2742100","33.213432","NONE","0","0.0259510763786494","0.00262850451936315","0.0014193386320916","-0.203225337788755","1","NA"
"OGN","2021-08-17","34.740002","35.82","34.439999","35.380001","4683500","34.229282","NONE","0","0.0400697166106189","0.0184225377995086","-0.0215690328807391","0.707997520148791","2","NA"
"OGN","2021-08-18","35.880001","36.490002","33.542","33.59","4685000","32.497494","NONE","0","0.0878898694174466","-0.0638238833939831","0.0546659300011611","0.000320273299882566","3","NA"
"OGN","2021-08-19","33.400002","34.567001","33.014999","34.099998","2501300","32.99091","NONE","0","0.0470089973348173","0.0209579628168884","-0.015627629871203","-0.466104589114194","4","NA"
"OGN","2021-08-20","33.950001","34.459999","33.150002","33.220001","2354600","32.405617","NONE","0","0.0395172525178129","-0.0215022084977257","0.0285557034244116","-0.0586495022588254","5","NA"
"OGN","2021-08-23","33.549999","33.790001","32.860001","33.240002","2473600","32.425129","NONE","0","0.028301885931166","-0.00923985124410891","0.0158101524477962","0.0505393697443302","1","NA"
"OGN","2021-08-24","33.349998","33.82","32.959999","33.16","2117500","32.347088","NONE","0","0.0260922641411487","-0.00569709179592763","0.00610519054715268","-0.14396021992238","2","NA"
"OGN","2021-08-25","33.009998","33.610001","32.369999","33.299999","1929400","32.483658","NONE","0","0.0383071374206714","0.00878524742715818","-0.00750703572215133","-0.0888311688311688","3","NA"
"OGN","2021-08-26","33.220001","34.360001","33.220001","33.959999","1607900","33.12748","NONE","0","0.0343166756677699","0.0222756766322794","-0.0275607948520291","-0.166632113610449","4","NA"
"OGN","2021-08-27","33.98","34.32","33.73","34.25","1165700","33.410366","NONE","0","0.0174918470204567","0.00794585050029438","-6.26967425662525e-05","-0.275017103053672","5","NA"
"OGN","2021-08-30","34.09","34.240002","33.66","33.720001","1069000","32.893364","NONE","0","0.0172311942959002","-0.0108535934291581","0.0141834722395494","-0.0829544479711761","1","NA"
"OGN","2021-08-31","33.540001","34.098","33.419998","33.889999","1694600","33.059193","NONE","0","0.020287314200318","0.0104352411915553","-0.0119959948755335","0.585219831618335","2","NA"
"OGN","2021-09-01","34.450001","35.369999","34.259998","34.560001","2738500","33.712769","UP","0.00475095313508136","0.0323993305545434","0.00319303328902659","-0.00423303532108805","0.616015578897675","3","NA"
"OGN","2021-09-02","35.119999","35.639999","34.349998","35.610001","2560100","34.73703","NONE","0","0.0375546164515062","0.0139522213539925","-0.0134074587768292","-0.0651451524557239","4","NA"
"OGN","2021-09-03","35.470001","35.650002","34.860001","35.610001","1466400","34.73703","NONE","0","0.0226621049150287","0.00394699735136724","-0.00328283691349866","-0.427209874614273","5","NA"
"OGN","2021-09-07","35.279999","35.75","34.869999","35.639999","2247200","34.766293","NONE","0","0.0252366224616181","0.0102040819218846","-0.0135886050260102","0.532460447354064","2","NA"
"OGN","2021-09-08","35.529999","35.529999","34.75","34.970001","2185000","34.11272","NONE","0","0.0224460143884891","-0.0157612726079726","0.0148715116384473","-0.0276788892844429","3","NA"
"OGN","2021-09-09","34.970001","35","34.240002","34.68","1573500","33.829826","NONE","0","0.022196201974521","-0.0082928507780141","0.00391878753155852","-0.279862700228833","4","NA"
"OGN","2021-09-10","34.91","35","33.869999","33.880001","1658400","33.049442","NONE","0","0.0333628884960995","-0.0295044113434545","0.018778717335883","0.0539561487130601","5","NA"
"OGN","2021-09-13","34.169998","34.18","33.530998","33.830002","1950100","33.000664","NONE","0","0.0193552843252683","-0.00995013227685876","0.0085913977339765","0.175892426435118","1","NA"
"OGN","2021-09-14","33.75","33.880001","33.25","33.419998","1570200","32.600712","NONE","0","0.0189473984962406","-0.00977783703703705","0.00167835064772428","-0.194810522537306","2","NA"
"OGN","2021-09-15","33.5","34.259998","33.240002","33.720001","1953200","32.893364","NONE","0","0.0306857983943565","0.00656719402985085","0.000899929955294361","0.243917972232837","3","NA"
"OGN","2021-09-16","33.889999","34.09","33.02","33.759998","1280600","32.932381","NONE","0","0.032404603270745","-0.00383596942567039","0.00308998394930654","-0.344357976653696","4","NA"
"OGN","2021-09-17","33.700001","34.080002","33.259998","34.029999","4341400","33.195763","NONE","0","0.0246543610736236","0.00979222522871724","-0.0180141795428524","2.39012962673747","5","NA"
"OGN","2021-09-20","33.240002","33.700001","32.77","32.939999","1937300","32.132484","NONE","0","0.028379646017699","-0.00902536046778808","-0.00124507480793962","-0.553761459437048","1","NA"
"OGN","2021-09-21","33.189999","33.389999","32.75","32.889999","1162900","32.083706","NONE","0","0.0195419541984734","-0.00903886740099019","0.0044073701620553","-0.399731585195891","2","NA"
"OGN","2021-09-22","33.09","33.240002","32.59","32.650002","1332100","31.849592","NONE","0","0.0199448297023625","-0.0132970081595649","0.019756175189875","0.145498323157623","3","NA"
"OGN","2021-09-23","32.759998","33.470001","32.68","33.380001","1608400","32.561699","NONE","0","0.0241738372093024","0.0189256116560202","-0.00934259015491388","0.207416860596051","4","NA"
"OGN","2021-09-24","33.5","33.950001","33","33.689999","1888100","32.864098","NONE","0","0.0287879090909091","0.00567161194029852","-0.00174196262511809","0.173899527480726","5","NA"
"OGN","2021-09-27","33.689999","33.869999","33.419998","33.540001","1281300","32.717773","NONE","0","0.0134650217513478","-0.00445230051802624","0.00467510989146293","-0.32138128277104","1","NA"
"OGN","2021-09-28","33.5","33.52","32.895","33.040001","1286800","32.230034","NONE","0","0.018999848001216","-0.0137313134328359","-0.00140830639401388","0.00429251541403262","2","NA"
"OGN","2021-09-29","33.02","34","33.009998","33.98","1306300","33.146988","NONE","0","0.0299909742496803","0.0290732889158084","-0.0297495653076426","0.0151538700652782","3","NA"
"OGN","2021-09-30","33.924999","34.169998","32.779999","32.790001","1481600","31.986158","NONE","0","0.0424038756071958","-0.0334560953118968","0.0190121120949918","0.134195820255684","4","NA"
"OGN","2021-10-01","32.880001","33.599998","32.560001","33.330002","1497500","32.512924","NONE","0","0.0319409388224527","0.0136861613842408","-0.00444863450107081","0.0107316414686825","5","NA"
"OGN","2021-10-04","33.18","33.580002","32.82","32.939999","1784800","32.132484","NONE","0","0.0231566727605119","-0.00723330319469558","-0.00389147599595432","0.191853088480801","1","NA"
"OGN","2021-10-05","32.68","33.139999","32.490002","32.529999","2452800","31.732533","NONE","0","0.0200060621726033","-0.00458999388004906","0.0129081327164357","0.374271627073061","2","NA"
"OGN","2021-10-06","32.23","33.139999","31.92","33.07","2533300","32.259296","NONE","0","0.0382205200501254","0.0260626745268385","-0.0158811095118127","0.0328196347031963","3","NA"
"OGN","2021-10-07","32.990002","33.32","32.740002","32.84","1339600","32.034931","NONE","0","0.0177152707565505","-0.00454689272222516","0.0082035472317714","-0.471203568468006","4","NA"
"OGN","2021-10-08","32.790001","32.869999","32.220001","32.57","1249000","31.771551","NONE","0","0.0201737423906348","-0.00670939290303762","0.00326677668168053","-0.0676321289937295","5","NA"
"OGN","2021-10-11","32.580002","33.257","32.549999","33.209999","1319400","32.395859","NONE","0","0.0217204614967883","0.0193369233065119","-0.0248665851708288","0.0563650920736589","1","NA"
"OGN","2021-10-12","33.18","33.540001","32.759998","32.84","1271300","32.034931","NONE","0","0.0238096168381937","-0.0102471368294152","0.00620434756732627","-0.0364559648324996","2","NA"
"OGN","2021-10-13","33","33.325001","32.66","33.150002","1251100","32.337337","NONE","0","0.0203613288426211","0.00454551515151517","-0.00321691808292395","-0.0158892472272477","3","NA"
"OGN","2021-10-14","33.150002","33.939999","33.099998","33.639999","1624700","32.815319","NONE","0","0.0253776752494064","0.0147812057447237","-0.00303908093706421","0.298617216849173","4","NA"
"OGN","2021-10-15","33.959999","35.25","33.759998","34.889999","1675900","34.034676","NONE","0","0.044135132946394","0.0273851598169953","-0.0220610081081024","0.031513510186496","5","NA"
"OGN","2021-10-18","34.82","35.119999","34.459999","34.799999","1236200","33.946884","NONE","0","0.0191526412986836","-0.000574411257897777","0.00566875967238488","-0.262366489647354","1","NA"
"OGN","2021-10-19","34.830002","35.389999","34.700001","35.060001","1246500","34.200516","NONE","0","0.0198846680148511","0.0066034736374692","-0.0016472017582744","0.00833198511567708","2","NA"
"OGN","2021-10-20","35.189999","36.220001","34.98","35.759998","1161000","34.88335","NONE","0","0.0354488564894227","0.016197755504341","-0.0135963128436436","-0.0685920577617329","3","NA"
"OGN","2021-10-21","35.66","35.75","35.130001","35.360001","1100500","34.493156","NONE","0","0.0176487043083204","-0.0084127593942793","0.0122827111387657","-0.0521102497846684","4","NA"
"OGN","2021-10-22","35.330002","35.790001","35.110001","35.66","765500","34.785801","NONE","0","0.0193677009579122","0.00934044668324661","-0.00960885468140692","-0.304407087687415","5","NA"
"OGN","2021-10-25","35.490002","36.959999","35.41","36.91","1497900","36.005161","NONE","0","0.0437729172550129","0.0400112121718111","-0.0372024923938475","0.95676028739386","1","NA"
"OGN","2021-10-26","36.779999","37.34","36.5","36.709999","1598500","35.810062","NONE","0","0.0230136986301371","-0.00190320831710716","0.00105145769624126","0.0671606916349556","2","NA"
"OGN","2021-10-27","36.700001","36.700001","35.514999","35.720001","1013500","34.84433","NONE","0","0.0333662405565603","-0.0267029965476022","0.0204718465896737","-0.365968095089146","3","NA"
"OGN","2021-10-28","35.860001","36.68","35.619999","36.52","1282500","35.624722","NONE","0","0.0297585915148397","0.0184048795759935","-0.0110454106601259","0.265416872224963","4","NA"
"OGN","2021-10-29","36.459999","37.229","36.380001","36.75","1800000","35.849083","NONE","0","0.0233369702216336","0.00795394975189101","-0.000844680262879803","0.403508771929825","5","NA"
"OGN","2021-11-01","36.700001","37.310001","36.48","37.130001","1108600","36.219769","NONE","0","0.0227522203947369","0.011716620934152","-0.011055147006002","-0.384111111111111","1","NA"
"OGN","2021-11-02","37.220001","37.299999","36.400002","36.490002","1326000","35.595455","NONE","0","0.0247251909491653","-0.0196130838362956","0.0233652587432696","0.19610319321667","2","NA"
"OGN","2021-11-03","36.220001","37.02","36.220001","36.82","1549600","35.917362","NONE","0","0.0220872163973712","0.0165654053957645","-0.0101041261729329","0.168627450980392","3","NA"
"OGN","2021-11-04","36.810001","37.189999","36.200001","36.259998","1777200","35.371094","NONE","0","0.0273480102942539","-0.0149416730523859","0.0186153036566286","0.146876613319566","4","NA"
"OGN","2021-11-05","36.380001","36.720001","35.540001","36.279999","2381000","35.390602","NONE","0","0.0332020249521098","-0.00274881795632725","0.00238067891185111","0.339747918073374","5","NA"
"OGN","2021-11-08","36.549999","37.349998","36.41","36.990002","3474500","36.083199","NONE","0","0.0258170282889317","0.0120383861022813","-0.0119915465962243","0.459260814783704","1","NA"
"OGN","2021-11-09","36.950001","37","36.43","36.639999","2567400","35.741779","NONE","0","0.0156464452374417","-0.00838976973234716","0.00371612800947287","-0.261073535760541","2","NA"
"OGN","2021-11-10","36.540001","37.369999","36.231998","36.630001","4025500","35.732021","NONE","0","0.0314087288258297","0.00246305411978515","-0.00750555843002624","0.567928643764119","3","NA"
"OGN","2021-11-11","35.41","35.435001","32.75","34.720001","5810200","33.868847","DOWN","-0.0219970480236833","0.0819847633587786","-0.0194859926574412","0.0173140094788623","0.443348652341324","4","NA"
"OGN","2021-11-12","34.650002","34.720001","33.52","33.700001","2531700","32.873852","NONE","0","0.0357995525059666","-0.0274170546945423","0.0333479761104445","-0.564266290317029","5","NA"
"OGN","2021-11-15","33.700001","33.75","33.009998","33.380001","2553500","32.561699","NONE","0","0.0224175112037267","-0.00949554867965732","0.00810941423095576","0.00861081486748035","1","NA"
"OGN","2021-11-16","33.310001","33.759998","32.900002","33.540001","2385400","32.717773","NONE","0","0.0261396944595931","0.00690483317607817","-0.00231452489897457","-0.0658312120618759","2","NA"
"OGN","2021-11-17","33.450001","33.529999","32.630001","32.950001","2008700","32.142239","NONE","0","0.0275819176346331","-0.0149476826622516","0.0122187497684943","-0.157919007294374","3","NA"
"OGN","2021-11-18","32.939999","32.990002","31.339001","31.6","2625800","30.825333","NONE","0","0.0526819920009574","-0.0406799951633271","0.0414925991527777","0.307213620749739","4","NA"
"OGN","2021-11-19","31.610001","31.82","30.879999","31.25","2631300","30.756439","NONE","0","0.0304404478769575","-0.0113888322876042","0.00916304622442371","0.0020945997410313","5","NA"
"OGN","2021-11-22","31.459999","31.99","31.450001","31.639999","2183200","31.140278","NONE","0","0.0171700789453074","0.00572155135796412","-0.0118887964768097","-0.170296051381446","1","NA"
"OGN","2021-11-23","31.690001","31.690001","30.950001","31.200001","2008500","30.70723","NONE","0","0.023909530729902","-0.0154622904555919","0.0180742958616726","-0.0800201539025284","2","NA"
"OGN","2021-11-24","31.26","31.639999","30.959999","31.540001","1872700","31.041859","NONE","0","0.0219638249988315","0.00895716570697372","-0.00346499601960256","-0.0676126462534229","3","NA"
"OGN","2021-11-26","31.059999","31.6","30.709999","31.129999","1287200","30.638334","NONE","0","0.0289808215233091","0.00225370258382817","-0.0172623458751526","-0.312650184225984","5","NA"
"OGN","2021-11-29","31.040001","31.055","30.129999","30.620001","2286900","30.136391","NONE","0","0.0307003329140502","-0.0135309273991325","0.0192603403075851","0.776646985705407","1","NA"
"OGN","2021-11-30","30.389999","30.49","29.049999","29.23","3273000","28.768341","NONE","0","0.0495697435308001","-0.0381704191566442","0.0223846317529483","0.431195067558704","2","NA"
"OGN","2021-12-01","29.57","29.959999","28.57","28.73","2858600","28.276237","NONE","0","0.048652397619881","-0.0284071694284748","0.0089017817676608","-0.126611671249618","3","NA"
"OGN","2021-12-02","28.889999","29.969999","28.700001","29.67","2700900","29.201393","NONE","0","0.0442507998518885","0.0269989971269989","-0.0109336350916922","-0.0551668648989016","4","NA"
"OGN","2021-12-03","29.68","29.790001","28.5","28.83","2416100","28.37466","NONE","0","0.0452631929824561","-0.0286388140161726","0.0175133827816239","-0.105446332703914","5","NA"
"OGN","2021-12-06","29.1","29.67","28.799999","29.309999","2134800","28.847078","NONE","0","0.0302083691044573","0.00721646048109965","0.00230339034154167","-0.116427300194528","1","NA"
"OGN","2021-12-07","29.51","29.690001","29.08","29.309999","2348900","28.847078","NONE","0","0.0209766506189821","-0.00677739749237548","0.0186038519938753","0.100290425332584","2","NA"
"OGN","2021-12-08","29.379999","29.48","28.75","29.33","2155600","28.866764","NONE","0","0.0253913043478261","-0.00170180400618813","0.00390824340158302","-0.0822938396696326","3","NA"
"OGN","2021-12-09","29.43","29.540001","28.6","28.67","2045900","28.217188","NONE","0","0.0328671678321678","-0.0258239891267414","0.0208037791501906","-0.0508907032844684","4","NA"
"OGN","2021-12-10","28.76","29.190001","28.549999","28.74","2252800","28.286081","NONE","0","0.0224168834471763","-0.000695410292072431","0.0058962965135993","0.101129087443179","5","NA"
"OGN","2021-12-13","28.879999","29.379999","28.65","28.870001","2693200","28.41403","NONE","0","0.0254798952879582","-0.000346191147721406","-0.00842811021545888","0.195490056818182","1","NA"
"OGN","2021-12-14","28.93","29.49","28.610001","28.85","3676900","28.394344","NONE","0","0.0307584400294148","-0.00276529554096088","0.000848343414974611","0.365253230357938","2","NA"
"OGN","2021-12-15","28.91","29.450001","28.77","29.33","2113200","28.866764","NONE","0","0.0236357664233577","0.0145278450363195","0.00130107133895985","-0.425276727678207","3","NA"
"OGN","2021-12-16","29.709999","30.969999","29.48","30.33","2527800","29.850969","UP","0.00101864173111573","0.0505427069199458","0.020868428841078","-0.031561069698829","0.196195343554798","4","NA"
"OGN","2021-12-17","30.35","30.49","29.620001","30.190001","4749400","29.713181","NONE","0","0.0293720111623224","-0.0052717957166393","-0.00157610605660082","0.878866998971438","5","NA"
"OGN","2021-12-20","30","30.18","28.99","29.360001","1855500","28.89629","NONE","0","0.0410486374611936","-0.0213333","0.0170001884621188","-0.609319071882764","1","NA"
"OGN","2021-12-21","29.299999","30.059999","29.25","29.790001","1555300","29.319498","NONE","0","0.0276922735042735","0.0167236183182122","-0.00491284750396785","-0.161789275127998","2","NA"
"OGN","2021-12-22","29.91","30.059999","29.530001","30.01","1160000","29.536022","NONE","0","0.0179477813089137","0.00334336342360419","0.00659139374811207","-0.254163183951649","3","NA"
"OGN","2021-12-23","30","30.379999","29.9","30.219999","957700","29.742704","NONE","0","0.0160534782608697","0.00733330000000005","-0.00269251262489661","-0.174396551724138","4","NA"
"OGN","2021-12-27","30.17","30.280001","29.827","30.09","1250100","29.614759","NONE","0","0.0151876152479296","-0.00265164070268485","0.0147344089748256","0.30531481674846","1","NA"
"OGN","2021-12-28","29.93","30.23","29.85","29.889999","1256700","29.417917","NONE","0","0.0127303182579564","-0.00133648513197461","-0.000569500607542997","0.0052795776337893","2","NA"
"OGN","2021-12-29","29.879999","29.98","29.629999","29.82","1309100","29.349024","NONE","0","0.0118123864938368","-0.00200799872851406","0.00293100022237219","0.0416965067239596","3","NA"
"OGN","2021-12-30","29.940001","30.799999","29.940001","30.73","1385100","30.24465","NONE","0","0.0287240471368054","0.0263860712629903","-0.0296191243423505","0.058055152394775","4","NA"
"OGN","2021-12-31","30.575001","30.77","30.4","30.450001","1018800","29.969074","NONE","0","0.012171052631579","-0.00408830730700548","0.002197336004435","-0.264457439896036","5","NA"
"OGN","2022-01-03","30.57","31.18","30.285","31.16","1331900","30.66786","NONE","0","0.0295525837873535","0.019299967288191","-0.0154449271529377","0.307322340007852","1","NA"
"OGN","2022-01-04","31.215","31.635","30.74","31.52","1641700","31.022175","NONE","0","0.0291151594014315","0.00977094345667146","-0.0120541580892296","0.232600045048427","2","NA"
"OGN","2022-01-05","31.620001","32","31.049999","31.1","1979300","30.608809","NONE","0","0.0305958463960015","-0.0164453188979974","-0.00181080772884729","0.205640494609247","3","NA"
"OGN","2022-01-06","31.049999","31.889999","30.41","31.51","2012000","31.012331","NONE","0","0.0486681683656692","0.0148148474980628","-0.0142481637316671","0.0165209922699944","4","NA"
"OGN","2022-01-07","31.52","32.470001","31.52","32.41","1350800","31.898117","NONE","0","0.0301396256345179","0.028236040609137","-0.0326276675712641","-0.328628230616302","5","NA"
"OGN","2022-01-10","31.99","32.540001","31.690001","32.209999","2822500","31.701275","NONE","0","0.0268223405862309","0.00687711784932807","-0.003665709982023","1.08950251702695","1","NA"
"OGN","2022-01-11","32.299999","32.790001","32.02","32.75","2090100","32.23275","NONE","0","0.0240475015615238","0.0139319199359728","-0.00452340236934745","-0.259486271036315","2","NA"
"OGN","2022-01-12","32.860001","32.900002","32.259998","32.610001","1569800","32.094959","NONE","0","0.0198389348939203","-0.00760803385246397","0.00713437340106277","-0.248935457633606","3","NA"
"OGN","2022-01-13","32.389999","33.18","32.299999","32.900002","1578600","32.380379","NONE","0","0.0272446138465825","0.0157456936012872","-0.0314907719505721","0.00560580965728118","4","NA"
"OGN","2022-01-14","32.849998","33.34","32.290001","32.860001","1771100","32.341011","NONE","0","0.0325177753943088","0.000304505345784117","0.00505554561287428","0.121943494235398","5","NA"
"OGN","2022-01-18","32.665001","33.07","31.4","32.07","1900400","31.563488","NONE","0","0.0531847133757962","-0.0182152451181617","0.00631379609672468","0.0730054768223138","2","NA"
"OGN","2022-01-19","32.029999","32.73","32","32.240002","1992500","31.730804","NONE","0","0.0228124999999999","0.00655644728555878","-0.0186030166388568","0.0484634813723427","3","NA"
"OGN","2022-01-20","32.209999","32.709999","31.780001","31.82","1740200","31.317434","NONE","0","0.0292636240005154","-0.0121080103107114","-0.00210248956446223","-0.126624843161857","4","NA"
"OGN","2022-01-21","31.75","31.77","30.655001","30.969999","1900600","30.480862","DOWN","-0.00031469476668673","0.0363724992212527","-0.0245669606299212","0.00814251360871961","0.0921733134122515","5","NA"
"OGN","2022-01-24","30.32","30.629999","28.941999","30.450001","2614600","29.969074","DOWN","-0.000815592861993287","0.0583235456541893","0.00428763192612137","0.00806455091948773","0.37567084078712","1","NA"
"OGN","2022-01-25","29.93","31.002001","29.629999","30.709999","1955200","30.224966","NONE","0","0.0463044902566483","0.026060775141998","-0.0283943638235239","-0.252199189168515","2","NA"
"OGN","2022-01-26","30.85","31.49","30.325001","30.73","1374900","30.24465","NONE","0","0.0384171133250745","-0.00388978930307945","-0.00938024054075945","-0.296798281505728","3","NA"
"OGN","2022-01-27","31.1","31.639999","30.48","30.700001","1939100","30.215126","NONE","0","0.0380577099737533","-0.0128617041800643","0.000518518794286344","0.410357116881228","4","NA"
"OGN","2022-01-28","30.459999","31.469999","30.41","31.450001","1680900","30.953281","NONE","0","0.0348569220651102","0.0325017082239563","-0.0104408302869674","-0.13315455623743","5","NA"
"OGN","2022-01-31","31.200001","32.099998","31.200001","31.91","4413700","31.406015","NONE","0","0.0288460567677546","0.0227563774757571","-0.00385661795129662","1.62579570468202","1","NA"
"OGN","2022-02-01","32.18","33.02","32.009998","32.990002","1846600","32.46896","NONE","0","0.0315527042519653","0.0251709757613424","-0.0192035461053645","-0.581620862315064","2","NA"
"OGN","2022-02-02","33.080002","33.479","32.66","33.330002","1693700","32.803589","NONE","0","0.0250765462339254","0.00755743606061451","-0.00252288024951096","-0.0828008231344092","3","NA"
"OGN","2022-02-03","32.919998","33.560001","32.669998","32.919998","1663700","32.400059","NONE","0","0.027242211646294","0","-0.0127816918439692","-0.0177127000059042","4","NA"
"OGN","2022-02-04","32.689999","33.470001","32.689999","33.119999","1627400","32.596905","NONE","0","0.0238605697112442","0.013153870087301","-0.00919656986898505","-0.0218188375308048","5","NA"
"OGN","2022-02-07","33.299999","33.75","33.029999","33.52","1090100","32.990585","NONE","0","0.0217983960580805","0.00660663683503424","-0.0114626281794274","-0.330158535086641","1","NA"
"OGN","2022-02-08","33.419998","33.950001","33.055","33.75","1635500","33.216953","NONE","0","0.0270761155649675","0.00987438718578021","-0.000606567217422013","0.500321071461334","2","NA"
"OGN","2022-02-09","33.919998","34.669998","33.799999","34.59","1557700","34.043686","NONE","0","0.0257396161461425","0.0197524186174776","-0.0109157843531275","-0.047569550596148","3","NA"
"OGN","2022-02-10","34.27","35.080002","34.27","34.450001","1329400","33.905899","NONE","0","0.0236358914502479","0.00525243653341106","-0.0160491776394285","-0.146562239198819","4","NA"
"OGN","2022-02-11","34.400002","35.34","34.400002","34.720001","1474500","34.171635","NONE","0","0.0273255216671209","0.00930229597079683","-0.0287485081620493","0.109146983601625","5","NA"
"OGN","2022-02-14","34.700001","34.830002","34.220001","34.380001","1782300","33.837006","NONE","0","0.017825861548046","-0.00922190175153022","0.00674265673788609","0.208748728382503","1","NA"
"OGN","2022-02-15","34.799999","35.308998","34.799999","35.220001","1931800","34.663738","NONE","0","0.0146264084662762","0.0120690233353169","-0.0026340720501159","0.0838803792851933","2","NA"
"OGN","2022-02-16","35.299999","36.490002","35.220001","36.34","3114100","35.766048","NONE","0","0.0360590847229105","0.0294617855371612","-0.0251393334247222","0.612019877834144","3","NA"
"OGN","2022-02-17","35.389999","36.939999","34.889999","36.369999","4587400","35.795574","NONE","0","0.0587560922544021","0.0276914390418603","-0.0447020475157979","0.473106194406088","4","NA"
"OGN","2022-02-18","36.459999","37.18","35.82","36.09","3145100","35.519993","NONE","0","0.0379676158570631","-0.010148080366102","0.00200595732256221","-0.314404673671361","5","NA"
"OGN","2022-02-22","36.099998","36.610001","35.84","35.98","2219900","35.411732","NONE","0","0.0214844029017855","-0.0033240445054873","-0.00313387046029593","-0.294171886426505","2","NA"
"OGN","2022-02-23","35.900002","36.279999","35.445","35.5","2244400","34.939312","NONE","0","0.0235575962759203","-0.0111421163709128","-0.0118478908555067","0.0110365331771701","3","NA"
"OGN","2022-02-24","34.75","36.130001","34.459999","36.029999","2440000","35.460945","NONE","0","0.0484620443546733","0.0368345035971222","-0.0048476096255447","0.0871502405988237","4","NA"
"OGN","2022-02-25","35.685001","37.759998","35.509998","37.57","3494900","37.266228","NONE","0","0.0633624366861412","0.0528232856151524","-0.0327529285624413","0.43233606557377","5","NA"
"OGN","2022-02-28","36.540001","37.790001","36.400002","37.330002","2846700","37.028172","NONE","0","0.0381867836161107","0.0216201690853814","-0.0170796896474731","-0.185470256659704","1","NA"
"OGN","2022-03-01","37.27","37.860001","37","37.459999","3675000","37.157116","NONE","0","0.0232432702702702","0.00509790716393883","-0.0181344746850338","0.29096848983033","2","NA"
